cusip,security_term,announcemt_date,dated_date,auction_date,issue_date,maturity_date,int_rate,high_yield,unadj_price,adj_price,offering_amt,adj_accrued_int_per1000,ref_cpi_on_dated_date,ref_cpi_on_issue_date,index_ratio_on_issue_date,security_type,reopening,original_security_term,inflation_index_security,,,Maturity month,,,
912810US5,30-Year,02/12/26,02/15/26,02/19/26,02/27/26,02/15/56,2.375,2.473000,97.933562,97.92475,"9,000,000,000.00000",0.78722,324.08800,324.05886,0.99991,Bond,No,30-Year,Yes,,,2,47.53,URL base,https://api.fiscaldata.treasury.gov/services/api/fiscal_service/v1/accounting/od/auctions_query
91282CPU9,10-Year,01/15/26,01/15/26,01/22/26,01/30/26,01/15/36,1.875,1.940000,99.413260,99.19356,"21,000,000,000.00000",0.77521,324.93471,324.21761,0.99779,Note,No,10-Year,Yes,,,1,,Full URL,"https://api.fiscaldata.treasury.gov/services/api/fiscal_service/v1/accounting/od/auctions_query?format=csv&fields=cusip,security_term,announcemt_date,dated_date,auction_date,issue_date,maturity_date,int_rate,high_yield,unadj_price,adj_price,offering_amt,adj_accrued_int_per1000,ref_cpi_on_dated_date,ref_cpi_on_issue_date,index_ratio_on_issue_date,security_type,reopening,original_security_term,inflation_index_security&filter=inflation_index_security:eq:Yes,reopening:in:(Yes,No)&sort=-auction_date&page[number]=1&page[size]=500"
91282CPH8,4-Year 10-Month,12/11/25,10/15/25,12/18/25,12/31/25,10/15/30,1.125,1.433000,98.578423,99.22214,"24,000,000,000.00000",2.39535,323.46710,325.57806,1.00653,Note,Yes,5-Year,Yes,,,12,,Format,?format=csv
91282CNS6,9-Year 8-Month,11/13/25,07/15/25,11/20/25,11/28/25,07/15/35,1.875,1.843000,100.279542,101.40969,"19,000,000,000.00000",7.00744,321.09758,324.7176,1.01127,Note,Yes,10-Year,Yes,,,11,,Fields,"&fields=cusip,security_term,announcemt_date,dated_date,auction_date,issue_date,maturity_date,int_rate,high_yield,unadj_price,adj_price,offering_amt,adj_accrued_int_per1000,ref_cpi_on_dated_date,ref_cpi_on_issue_date,index_ratio_on_issue_date,security_type,reopening,original_security_term,inflation_index_security"
91282CPH8,5-Year,10/16/25,10/15/25,10/23/25,10/31/25,10/15/30,1.125,1.182000,99.726133,99.87373,"26,000,000,000.00000",0.49524,323.46710,323.94606,1.00148,Note,No,5-Year,Yes,,,10,,,cusip
91282CNS6,9-Year 10-Month,09/11/25,07/15/25,09/18/25,09/30/25,07/15/35,1.875,1.734000,101.262744,101.87235,"19,000,000,000.00000",3.94685,321.09758,323.03177,1.00602,Note,Yes,10-Year,Yes,,,9,,,security_term
912810UH9,29-Year 6-Month,08/14/25,08/15/25,08/21/25,08/29/25,02/15/55,2.375,2.650000,94.399471,96.46588,"8,000,000,000.00000",0.92331,315.54900,322.45494,1.02189,Bond,Yes,30-Year,Yes,,,,,,announcemt_date
91282CNS6,10-Year,07/17/25,07/15/25,07/24/25,07/31/25,07/15/35,1.875,1.985000,99.009902,99.11683,"21,000,000,000.00000",0.81610,321.09758,321.44339,1.00108,Note,No,10-Year,Yes,,,7,,,dated_date
91282CNB3,4-Year 10-Month,06/12/25,04/15/25,06/17/25,06/30/25,04/15/30,1.625,1.650000,99.883628,100.64674,"23,000,000,000.00000",3.40010,318.32947,320.76180,1.00764,Note,Yes,5-Year,Yes,,,6,,,auction_date
91282CML2,9-Year 8-Month,05/15/25,01/15/25,05/22/25,05/30/25,01/15/35,2.125,2.220000,99.178357,100.48751,"18,000,000,000.00000",8.02933,315.58677,319.75274,1.0132,Note,Yes,10-Year,Yes,,,5,,,issue_date
91282CNB3,5-Year,04/10/25,04/15/25,04/17/25,04/30/25,04/15/30,1.625,1.702000,99.634784,99.85597,"25,000,000,000.00000",0.66746,318.32947,319.03497,1.00222,Note,No,5-Year,Yes,,,4,,,maturity_date
91282CML2,9-Year 10-Month,03/13/25,01/15/25,03/20/25,03/31/25,01/15/35,2.125,1.935000,101.685184,102.33495,"18,000,000,000.00000",4.43075,315.58677,317.60435,1.00639,Note,Yes,10-Year,Yes,,,3,,,int_rate
912810UH9,30-Year,02/13/25,02/15/25,02/20/25,02/28/25,02/15/55,2.375,2.403000,99.403433,99.41934,"9,000,000,000.00000",0.85304,315.54900,315.60100,1.00016,Bond,No,30-Year,Yes,,,2,,,high_yield
91282CML2,10-Year,01/16/25,01/15/25,01/23/25,01/31/25,01/15/35,2.125,2.243000,98.951405,98.92370,"20,000,000,000.00000",0.93897,315.58677,315.49852,0.99972,Note,No,10-Year,Yes,,,1,,,unadj_price
91282CLV1,4-Year 10-Month,12/12/24,10/15/24,12/19/24,12/31/24,10/15/29,1.625,2.121000,97.750475,98.06034,"22,000,000,000.00000",3.44840,314.65561,315.65229,1.00317,Note,Yes,5-Year,Yes,,,12,,,adj_price
91282CLE9,9-Year 8-Month,11/14/24,07/15/24,11/21/24,11/29/24,07/15/34,1.875,2.071000,98.295224,98.76016,"17,000,000,000.00000",7.01332,313.78329,315.26733,1.00473,Note,Yes,10-Year,Yes,,,11,,,offering_amt
91282CLV1,5-Year,10/17/24,10/15/24,10/24/24,10/31/24,10/15/29,1.625,1.670000,99.786263,99.82817,"24,000,000,000.00000",0.71459,314.65561,314.78774,1.00042,Note,No,5-Year,Yes,,,,,,
91282CLE9,9-Year 10-Month,09/12/24,07/15/24,09/19/24,09/30/24,07/15/34,1.875,1.592000,102.554561,102.79762,"17,000,000,000.00000",3.93253,313.78329,314.52783,1.00237,Note,Yes,10-Year,Yes,,,9,,,adj_accrued_int_per1000
912810TY4,29-Year 6-Month,08/15/24,08/15/24,08/22/24,08/30/24,02/15/54,2.125,2.055000,101.540384,103.94385,"8,000,000,000.00000",0.88667,306.90376,314.16816,1.02367,Bond,Yes,30-Year,Yes,,,8,,,ref_cpi_on_dated_date
91282CLE9,10-Year,07/11/24,07/15/24,07/18/24,07/31/24,07/15/34,1.875,1.883000,99.926982,100.01292,"19,000,000,000.00000",0.81592,313.78329,314.05219,1.00086,Note,No,10-Year,Yes,,,,,,ref_cpi_on_issue_date
91282CKL4,4-Year 10-Month,06/13/24,04/15/24,06/20/24,06/28/24,04/15/29,2.125,2.050000,100.338480,101.67499,"21,000,000,000.00000",4.35368,309.30787,313.42640,1.01332,Note,Yes,5-Year,Yes,,,6,,,index_ratio_on_issue_date
91282CJY8,9-Year 8-Month,05/16/24,01/15/24,05/23/24,05/31/24,01/15/34,1.750,2.184000,96.249477,97.77599,"16,000,000,000.00000",6.69100,307.39100,312.26729,1.01586,Note,Yes,10-Year,Yes,,,5,,,security_type
91282CKL4,5-Year,04/11/24,04/15/24,04/18/24,04/30/24,04/15/29,2.125,2.242000,99.452867,99.76018,"23,000,000,000.00000",0.87359,309.30787,310.26237,1.00309,Note,No,5-Year,Yes,,,4,,,reopening
91282CJY8,9-Year 10-Month,03/14/24,01/15/24,03/21/24,03/28/24,01/15/34,1.750,1.932000,98.380142,98.63987,"16,000,000,000.00000",3.51889,307.39100,308.20139,1.00264,Note,Yes,10-Year,Yes,,,3,,,original_security_term
912810TY4,30-Year,02/15/24,02/15/24,02/22/24,02/29/24,02/15/54,2.125,2.200000,98.359923,98.31271,"9,000,000,000.00000",0.81692,306.90376,306.75652,0.99952,Bond,No,30-Year,Yes,,,,,,inflation_index_security
91282CJY8,10-Year,01/11/24,01/15/24,01/18/24,01/31/24,01/15/34,1.750,1.810000,99.454975,99.35154,"18,000,000,000.00000",0.76843,307.39100,307.071,0.99896,Note,No,10-Year,Yes,,,1,,,
91282CJH5,4-Year 10-Month,12/14/23,10/15/23,12/21/23,12/29/23,10/15/28,2.375,1.710000,103.046880,103.51368,"20,000,000,000.00000",4.88885,306.29390,307.68242,1.00453,Note,Yes,5-Year,Yes,,,12,,Not used,bid_to_cover_ratio
91282CHP9,9-Year 8-Month,11/16/23,07/15/23,11/21/23,11/30/23,07/15/33,1.375,2.180000,93.043033,94.28516,"15,000,000,000.00000",5.22509,303.70803,307.76357,1.01335,Note,Yes,10-Year,Yes,,,11,,,bid_to_cover_ratio
91282CJH5,5-Year,10/12/23,10/15/23,10/19/23,10/31/23,10/15/28,2.375,2.440000,99.697130,99.92145,"22,000,000,000.00000",1.04059,306.29390,306.98294,1.00225,Note,No,5-Year,Yes,,,10,,,
91282CHP9,9-Year 10-Month,09/14/23,07/15/23,09/21/23,09/29/23,07/15/33,1.375,2.094000,93.661317,94.26075,"15,000,000,000.00000",2.85784,303.70803,305.6522,1.0064,Note,Yes,10-Year,Yes,,,9,,,
912810TP3,29-Year 6-Month,08/17/23,08/15/23,08/24/23,08/31/23,02/15/53,1.500,1.970000,89.533532,91.89006,"8,000,000,000.00000",0.66934,297.25400,305.07732,1.02632,Bond,Yes,30-Year,Yes,,,8,,Filter,"&filter=inflation_index_security:eq:Yes,reopening:in:(Yes,No)"
91282CHP9,10-Year,07/13/23,07/15/23,07/20/23,07/31/23,07/15/33,1.375,1.495000,98.893296,99.02186,"17,000,000,000.00000",0.59861,303.70803,304.10235,1.0013,Note,No,10-Year,Yes,,,7,,,inflation_index_security:eq:Yes
91282CGW5,4-Year 10-Month,06/15/23,04/15/23,06/22/23,06/30/23,04/15/28,1.250,1.832000,97.339740,98.43092,"19,000,000,000.00000",2.62473,299.94933,303.31210,1.01121,Note,Yes,5-Year,Yes,,,6,,,"reopening:in:(Yes,No)"
91282CGK1,9-Year 8-Month,05/11/23,01/15/23,05/18/23,05/31/23,01/15/33,1.125,1.395000,97.575406,98.86243,"15,000,000,000.00000",4.28227,297.87606,301.80387,1.01319,Note,Yes,10-Year,Yes,,,5,,,
91282CGW5,5-Year,04/13/23,04/15/23,04/20/23,04/28/23,04/15/28,1.250,1.320000,99.664420,99.90461,"21,000,000,000.00000",0.44506,299.94933,300.673,1.00241,Note,No,5-Year,Yes,,,4,,Sort,&sort=-auction_date
91282CGK1,9-Year 10-Month,03/16/23,01/15/23,03/23/23,03/31/23,01/15/33,1.125,1.182000,99.473545,99.88039,"15,000,000,000.00000",2.34033,297.87606,299.09345,1.00409,Note,Yes,10-Year,Yes,,,3,,,
912810TP3,30-Year,02/09/23,02/15/23,02/16/23,02/28/23,02/15/53,1.500,1.550000,98.804809,98.66352,"9,000,000,000.00000",0.53790,297.25400,296.82964,0.99857,Bond,No,30-Year,Yes,,,2,,page num,1
91282CGK1,10-Year,01/12/23,01/15/23,01/19/23,01/31/23,01/15/33,1.125,1.220000,99.111641,99.06010,"17,000,000,000.00000",0.49698,297.87606,297.72071,0.99948,Note,No,10-Year,Yes,,,1,,page size,500
91282CFR7,4-Year 10-Month,12/15/22,10/15/22,12/22/22,12/30/22,10/15/27,1.625,1.504000,100.555894,101.13510,"19,000,000,000.00000",3.41240,296.22858,297.93432,1.00576,Note,Yes,5-Year,Yes,,,12,,pagination,&page[number]=1&page[size]=500
91282CEZ0,9-Year 8-Month,11/10/22,07/15/22,11/17/22,11/30/22,07/15/32,0.625,1.485000,92.312673,94.29463,"15,000,000,000.00000",2.39407,290.54829,296.78677,1.02147,Note,Yes,10-Year,Yes,,,11,,,
91282CFR7,5-Year,10/13/22,10/15/22,10/20/22,10/31/22,10/15/27,1.625,1.732000,99.493344,99.47544,"21,000,000,000.00000",0.71416,296.22858,296.17439,0.99982,Note,No,5-Year,Yes,,,10,,old filter; no longer works,"security_type:in:(TIPS Note,TIPS Bond)"
91282CEZ0,9-Year 10-Month,09/15/22,07/15/22,09/22/22,09/30/22,07/15/32,0.625,1.248000,94.274379,96.13347,"15,000,000,000.00000",1.33353,290.54829,296.27717,1.01972,Note,Yes,10-Year,Yes,,,9,,,
912810TE8,29-Year 6-Month,08/11/22,08/15/22,08/18/22,08/31/22,02/15/52,0.125,0.920000,79.527854,84.61525,"8,000,000,000.00000",0.05783,278.37500,296.18148,1.06397,Bond,Yes,30-Year,Yes,,,8,,,
91282CEZ0,10-Year,07/14/22,07/15/22,07/21/22,07/29/22,07/15/32,0.625,0.630000,99.951726,100.44649,"17,000,000,000.00000",0.23895,290.54829,291.98758,1.00495,Note,No,10-Year,Yes,,,7,,,
91282CEJ6,4-Year 10-Month,06/16/22,04/15/22,06/23/22,06/30/22,04/15/27,0.125,0.362000,98.874965,101.22423,"18,000,000,000.00000",0.26573,282.34640,289.05550,1.02376,Note,Yes,5-Year,Yes,,,6,,,
91282CDX6,9-Year 8-Month,05/12/22,01/15/22,05/19/22,05/31/22,01/15/32,0.125,0.232000,98.982175,102.61680,"14,000,000,000.00000",0.48685,277.20274,287.38181,1.03672,Note,Yes,10-Year,Yes,,,5,,,
91282CEJ6,5-Year,04/14/22,04/15/22,04/21/22,04/29/22,04/15/27,0.125,-0.340000,102.328775,102.76265,"20,000,000,000.00000",0.04801,282.34640,283.5448,1.00424,Note,No,5-Year,Yes,,,4,,,
91282CDX6,9-Year 10-Month,03/17/22,01/15/22,03/24/22,03/31/22,01/15/32,0.125,-0.589000,107.208494,108.70513,"14,000,000,000.00000",0.26260,277.20274,281.07232,1.01396,Note,Yes,10-Year,Yes,,,3,,,
912810TE8,30-Year,02/10/22,02/15/22,02/17/22,02/28/22,02/15/52,0.125,0.195000,97.963574,98.10268,"9,000,000,000.00000",0.04495,278.37500,278.77150,1.00142,Bond,No,30-Year,Yes,,,2,,,
91282CDX6,10-Year,01/13/22,01/15/22,01/20/22,01/31/22,01/15/32,0.125,-0.540000,106.811231,107.08146,"16,000,000,000.00000",0.05539,277.20274,277.90416,1.00253,Note,No,10-Year,Yes,,,1,,,
91282CDC2,4-Year 10-Month,12/16/21,10/15/21,12/22/21,12/31/21,10/15/26,0.125,-1.508000,108.139956,109.42898,"17,000,000,000.00000",0.26757,273.25771,276.51548,1.01192,Note,Yes,5-Year,Yes,,,12,,,
91282CCM1,9-Year 8-Month,11/10/21,07/15/21,11/18/21,11/30/21,07/15/31,0.125,-1.145000,112.961665,115.60158,"14,000,000,000.00000",0.47970,268.02090,274.28523,1.02337,Note,Yes,10-Year,Yes,,,11,,,
91282CDC2,5-Year,10/14/21,10/15/21,10/21/21,10/29/21,10/15/26,0.125,-1.685000,109.407565,109.50931,"19,000,000,000.00000",0.04812,273.25771,273.51242,1.00093,Note,No,5-Year,Yes,,,10,,,
91282CCM1,9-Year 10-Month,09/16/21,07/15/21,09/23/21,09/30/21,07/15/31,0.125,-0.939000,110.937883,112.98247,"14,000,000,000.00000",0.26637,268.02090,272.95943,1.01843,Note,Yes,10-Year,Yes,,,9,,,
912810SV1,29-Year 6-Month,08/12/21,08/15/21,08/19/21,08/31/21,02/15/51,0.125,-0.292000,112.836888,117.71821,"8,000,000,000.00000",0.05670,260.35150,271.61532,1.04326,Bond,Yes,30-Year,Yes,,,8,,,
91282CCM1,10-Year,07/15/21,07/15/21,07/22/21,07/30/21,07/15/31,0.125,-1.016000,111.990248,112.42365,"16,000,000,000.00000",0.05115,268.02090,269.05687,1.00387,Note,No,10-Year,Yes,,,7,,,
91282CCA7,4-Year 10-Month,06/10/21,04/15/21,06/17/21,06/30/21,04/15/26,0.125,-1.416000,107.668857,109.61120,"16,000,000,000.00000",0.26424,262.25027,266.98143,1.01804,Note,Yes,5-Year,Yes,,,6,,,
91282CBF7,9-Year 8-Month,05/13/21,01/15/21,05/20/21,05/28/21,01/15/31,0.125,-0.805000,109.334182,111.14913,"13,000,000,000.00000",0.46687,260.31619,264.63661,1.0166,Note,Yes,10-Year,Yes,,,5,,,
91282CCA7,5-Year,04/15/21,04/15/21,04/22/21,04/30/21,04/15/26,0.125,-1.631000,109.108340,109.40621,"18,000,000,000.00000",0.05137,262.25027,262.96627,1.00273,Note,No,5-Year,Yes,,,4,,,
91282CBF7,9-Year 10-Month,03/11/21,01/15/21,03/18/21,03/31/21,01/15/31,0.125,-0.580000,107.114297,107.62095,"13,000,000,000.00000",0.26020,260.31619,261.54626,1.00473,Note,Yes,10-Year,Yes,,,3,,,
912810SV1,30-Year,02/11/21,02/15/21,02/18/21,02/26/21,02/15/51,0.125,-0.040000,104.975246,105.01409,"9,000,000,000.00000",0.03799,260.35150,260.44775,1.00037,Bond,No,30-Year,Yes,,,2,,,
91282CBF7,10-Year,01/14/21,01/15/21,01/21/21,01/29/21,01/15/31,0.125,-0.987000,111.669997,111.63873,"15,000,000,000.00000",0.04833,260.31619,260.24439,0.99972,Note,No,10-Year,Yes,,,1,,,
91282CAQ4,4-Year 10-Month,12/17/20,10/15/20,12/22/20,12/31/20,10/15/25,0.125,-1.575000,108.489200,108.87108,"15,000,000,000.00000",0.26535,259.46997,260.38452,1.00352,Note,Yes,5-Year,Yes,,,12,,,
912828ZZ6,9-Year 8-Month,11/12/20,07/15/20,11/19/20,11/30/20,07/15/30,0.125,-0.867000,109.980096,111.64300,"12,000,000,000.00000",0.47584,256.39126,260.26793,1.01512,Note,Yes,10-Year,Yes,,,11,,,
91282CAQ4,5-Year,10/15/20,10/15/20,10/22/20,10/30/20,10/15/25,0.125,-1.320000,107.430363,107.59366,"17,000,000,000.00000",0.05159,259.46997,259.86529,1.00152,Note,No,5-Year,Yes,,,10,,,
912828ZZ6,9-Year 10-Month,09/10/20,07/15/20,09/17/20,09/30/20,07/15/30,0.125,-0.966000,111.231330,112.38814,"12,000,000,000.00000",0.26427,256.39126,259.05753,1.0104,Note,Yes,10-Year,Yes,,,9,,,
912810SM1,29-Year 6-Month,08/13/20,08/15/20,08/20/20,08/31/20,02/15/50,0.250,-0.272000,116.020415,116.31627,"7,000,000,000.00000",0.10898,257.09503,257.75174,1.00255,Bond,Yes,30-Year,Yes,,,8,,,
912828ZZ6,10-Year,07/16/20,07/15/20,07/23/20,07/31/20,07/15/30,0.125,-0.930000,111.032606,111.03372,"14,000,000,000.00000",0.05435,256.39126,256.39384,1.00001,Note,No,10-Year,Yes,,,7,,,
912828ZJ2,4-Year 10-Month,07/10/20,04/15/20,07/10/20,07/13/20,04/15/25,0.125,-0.951000,105.248398,104.47061,"25,000,000.00000",0.30171,258.30093,256.39094,0.99261,Note,Yes,5-Year,Yes,,,7,,,
912828ZJ2,4-Year 10-Month,06/11/20,04/15/20,06/18/20,06/30/20,04/15/25,0.125,-0.766000,104.357673,103.60839,"15,000,000,000.00000",0.25770,258.30093,256.44653,0.99282,Note,Yes,5-Year,Yes,,,6,,,
912828Z37,9-Year 8-Month,05/14/20,01/15/20,05/21/20,05/29/20,01/15/30,0.125,-0.470000,105.867963,106.23215,"12,000,000,000.00000",0.46519,257.28368,258.16948,1.00344,Note,Yes,10-Year,Yes,,,5,,,
912828ZJ2,5-Year,04/16/20,04/15/20,04/23/20,04/30/20,04/15/25,0.125,-0.320000,102.226154,102.36620,"17,000,000,000.00000",0.05130,258.30093,258.65443,1.00137,Note,No,5-Year,Yes,,,4,,,
912828Z37,9-Year 10-Month,03/12/20,01/15/20,03/19/20,03/31/20,01/15/30,0.125,0.680000,94.751298,94.99291,"12,000,000,000.00000",0.26166,257.28368,257.93884,1.00255,Note,Yes,10-Year,Yes,,,3,,,
912810SM1,30-Year,02/13/20,02/15/20,02/20/20,02/28/20,02/15/50,0.250,0.261000,99.683139,99.64227,"8,000,000,000.00000",0.08925,257.09503,256.99014,0.99959,Bond,No,30-Year,Yes,,,2,,,
912828Z37,10-Year,01/16/20,01/15/20,01/23/20,01/31/20,01/15/30,0.125,0.036000,100.884421,100.85617,"14,000,000,000.00000",0.05493,257.28368,257.21245,0.99972,Note,No,10-Year,Yes,,,1,,,
912828YL8,4-Year 10-Month,12/12/19,10/15/19,12/19/19,12/31/19,10/15/24,0.125,0.020000,100.502643,100.80114,"15,000,000,000.00000",0.26376,256.56513,257.32706,1.00297,Note,Yes,5-Year,Yes,,,12,,,
9128287D6,9-Year 8-Month,11/14/19,07/15/19,11/21/19,11/29/19,07/15/29,0.250,0.149000,100.965087,101.34068,"12,000,000,000.00000",0.93417,255.79368,256.7456,1.00372,Note,Yes,10-Year,Yes,,,11,,,
912828YL8,5-Year,10/10/19,10/15/19,10/17/19,10/31/19,10/15/24,0.125,0.054000,100.351378,100.34837,"17,000,000,000.00000",0.05464,256.56513,256.55842,0.99997,Note,No,5-Year,Yes,,,10,,,
9128287D6,9-Year 10-Month,09/12/19,07/15/19,09/19/19,09/30/19,07/15/29,0.250,0.174000,100.737455,101.03765,"12,000,000,000.00000",0.52466,255.79368,256.55673,1.00298,Note,Yes,10-Year,Yes,,,9,,,
912810SG4,29-Year 6-Month,08/15/19,08/15/19,08/22/19,08/30/19,02/15/49,1.000,0.501000,113.650879,115.68523,"7,000,000,000.00000",0.41491,251.63550,256.13971,1.01790,Bond,Yes,30-Year,Yes,,,8,,,
9128287D6,10-Year,07/11/19,07/15/19,07/18/19,07/31/19,07/15/29,0.250,0.282000,99.686026,99.79568,"14,000,000,000.00000",0.10882,255.79368,256.07445,1.0011,Note,No,10-Year,Yes,,,7,,,
9128286N5,4-Year 10-Month,06/13/19,04/15/19,06/20/19,06/28/19,04/15/24,0.500,0.152000,101.662906,102.95504,"15,000,000,000.00000",1.02378,252.20853,255.41340,1.01271,Note,Yes,5-Year,Yes,,,6,,,
9128285W6,9-Year 8-Month,05/16/19,01/15/19,05/23/19,05/31/19,01/15/29,0.875,0.567000,102.880694,103.55456,"11,000,000,000.00000",3.30882,252.50248,254.156,1.00655,Note,Yes,10-Year,Yes,,,5,,,
9128286N5,5-Year,04/11/19,04/15/19,04/18/19,04/30/19,04/15/24,0.500,0.515000,99.926601,100.13745,"17,000,000,000.00000",0.20535,252.20853,252.74053,1.00211,Note,No,5-Year,Yes,,,4,,,
9128285W6,9-Year 10-Month,03/14/19,01/15/19,03/21/19,03/29/19,01/15/29,0.875,0.578000,102.825015,102.48466,"11,000,000,000.00000",1.75866,252.50248,251.66565,0.99669,Note,Yes,10-Year,Yes,,,3,,,
912810SG4,30-Year,02/14/19,02/15/19,02/21/19,02/28/19,02/15/49,1.000,1.093000,97.628957,97.48349,"8,000,000,000.00000",0.35858,251.63550,251.26175,0.99851,Bond,No,30-Year,Yes,,,2,,,
9128285W6,10-Year,01/10/19,01/15/19,01/17/19,01/31/19,01/15/29,0.875,0.919000,99.582138,99.40986,"13,000,000,000.00000",0.38607,252.50248,252.06532,0.99827,Note,No,10-Year,Yes,,,1,,,
9128284H0,4-Year 4-Month,12/13/18,10/15/18,12/20/18,12/31/18,04/15/23,0.625,1.129000,97.895301,99.66035,"14,000,000,000.00000",1.34596,248.39153,252.87061,1.01803,Note,Yes,5-Year,Yes,,,12,,,
912828Y38,9-Year 8-Month,11/15/18,07/15/18,11/21/18,11/30/18,07/15/28,0.750,1.109000,96.730757,97.27535,"11,000,000,000.00000",2.82833,251.01658,252.42923,1.00563,Note,Yes,10-Year,Yes,,,11,,,
912810SB5,29-Year 4-Month,10/11/18,08/15/18,10/18/18,10/31/18,02/15/48,1.000,1.235000,94.238130,96.35755,"5,000,000,000.00000",2.13945,246.59650,252.14148,1.02249,Bond,Yes,30-Year,Yes,,,10,,,
912828Y38,9-Year 10-Month,09/13/18,07/15/18,09/20/18,09/28/18,07/15/28,0.750,0.910000,98.503243,98.89036,"11,000,000,000.00000",1.53454,251.01658,252.0043,1.00393,Note,Yes,10-Year,Yes,,,9,,,
9128284H0,4-Year 8-Month,08/16/18,04/15/18,08/23/18,08/31/18,04/15/23,0.625,0.724000,99.550476,100.98699,"14,000,000,000.00000",2.39057,248.39153,251.97606,1.01443,Note,Yes,5-Year,Yes,,,8,,,
912828Y38,10-Year,07/12/18,07/15/18,07/19/18,07/31/18,07/15/28,0.750,0.762000,99.885038,100.09879,"13,000,000,000.00000",0.32679,251.01658,251.55439,1.00214,Note,No,10-Year,Yes,,,7,,,
912810SB5,29-Year 8-Month,06/14/18,02/15/18,06/21/18,06/29/18,02/15/48,1.000,0.934000,101.704410,103.30625,"5,000,000,000.00000",3.75996,246.59650,250.47987,1.01575,Bond,Yes,30-Year,Yes,,,6,,,
9128283R9,9-Year 8-Month,05/10/18,01/15/18,05/17/18,05/31/18,01/15/28,0.500,0.934000,96.013868,97.13147,"11,000,000,000.00000",1.90032,246.66571,249.53584,1.01164,Note,Yes,10-Year,Yes,,,5,,,
9128284H0,5-Year,04/12/18,04/15/18,04/19/18,04/30/18,04/15/23,0.625,0.631000,99.970677,100.19661,"16,000,000,000.00000",0.25673,248.39153,248.95353,1.00226,Note,No,5-Year,Yes,,,4,,,
9128283R9,9-Year 10-Month,03/15/18,01/15/18,03/22/18,03/29/18,01/15/28,0.500,0.764000,97.511975,97.93518,"11,000,000,000.00000",1.01267,246.66571,247.73703,1.00434,Note,Yes,10-Year,Yes,,,3,,,
912810SB5,30-Year,02/08/18,02/15/18,02/15/18,02/28/18,02/15/48,1.000,1.003000,99.922358,99.89538,"7,000,000,000.00000",0.35902,246.59650,246.52918,0.99973,Bond,No,30-Year,Yes,,,2,,,
9128283R9,10-Year,01/11/18,01/15/18,01/18/18,01/31/18,01/15/28,0.500,0.548000,99.535485,99.53648,"13,000,000,000.00000",0.22099,246.66571,246.66881,1.00001,Note,No,10-Year,Yes,,,1,,,
912828X39,4-Year 4-Month,12/14/17,10/15/17,12/21/17,12/29/17,04/15/22,0.125,0.370000,98.957196,100.37426,"14,000,000,000.00000",0.26124,243.19553,246.6781,1.01432,Note,Yes,5-Year,Yes,,,12,,,
9128282L3,9-Year 8-Month,11/09/17,07/15/17,11/16/17,11/30/17,07/15/27,0.375,0.512000,98.714837,99.58550,"11,000,000,000.00000",1.41865,244.61839,246.77567,1.00882,Note,Yes,10-Year,Yes,,,11,,,
912810RW0,29-Year 4-Month,10/12/17,08/15/17,10/19/17,10/31/17,02/15/47,0.875,0.908000,99.152455,100.83805,"5,000,000,000.00000",1.86196,241.39250,245.49535,1.01700,Bond,Yes,30-Year,Yes,,,10,,,
9128282L3,9-Year 10-Month,09/14/17,07/15/17,09/21/17,09/29/17,07/15/27,0.375,0.450000,99.282116,99.35459,"11,000,000,000.00000",0.77503,244.61839,244.79727,1.00073,Note,Yes,10-Year,Yes,,,9,,,
912828X39,4-Year 8-Month,08/17/17,04/15/17,08/24/17,08/31/17,04/15/22,0.125,0.117000,100.036867,100.75813,"14,000,000,000.00000",0.47471,243.19553,244.94784,1.00721,Note,Yes,5-Year,Yes,,,8,,,
9128282L3,10-Year,07/13/17,07/15/17,07/20/17,07/31/17,07/15/27,0.375,0.489000,98.893423,98.93694,"13,000,000,000.00000",0.16311,244.61839,244.72626,1.00044,Note,No,10-Year,Yes,,,7,,,
912810RW0,29-Year 8-Month,06/15/17,02/15/17,06/22/17,06/30/17,02/15/47,0.875,0.880000,99.869486,101.15481,"5,000,000,000.00000",3.30512,241.39250,244.49990,1.01287,Bond,Yes,30-Year,Yes,,,6,,,
912828V49,9-Year 8-Month,05/11/17,01/15/17,05/18/17,05/31/17,01/15/27,0.375,0.420000,99.575901,100.49698,"11,000,000,000.00000",1.42187,241.55919,243.79461,1.00925,Note,Yes,10-Year,Yes,,,5,,,
912828X39,5-Year,04/13/17,04/15/17,04/20/17,04/28/17,04/15/22,0.125,-0.049000,100.864977,101.00215,"16,000,000,000.00000",0.04446,243.19553,243.5266,1.00136,Note,No,5-Year,Yes,,,4,,,
912828V49,9-Year 10-Month,03/16/17,01/15/17,03/23/17,03/31/17,01/15/27,0.375,0.466000,99.129754,99.63631,"11,000,000,000.00000",0.78090,241.55919,242.79361,1.00511,Note,Yes,10-Year,Yes,,,3,,,
912810RW0,30-Year,02/09/17,02/15/17,02/16/17,02/28/17,02/15/47,0.875,0.923000,98.745853,98.76067,"7,000,000,000.00000",0.31428,241.39250,241.42918,1.00015,Bond,No,30-Year,Yes,,,2,,,
912828V49,10-Year,01/12/17,01/15/17,01/19/17,01/31/17,01/15/27,0.375,0.436000,99.406285,99.32676,"13,000,000,000.00000",0.16562,241.55919,241.36513,0.9992,Note,No,10-Year,Yes,,,1,,,
912828Q60,4-Year 4-Month,12/15/16,10/15/16,12/22/16,12/30/16,04/15/21,0.125,0.120000,100.021385,102.00581,"14,000,000,000.00000",0.26617,237.00700,241.70958,1.01984,Note,Yes,5-Year,Yes,,,12,,,
912828S50,9-Year 8-Month,11/10/16,07/15/16,11/17/16,11/30/16,07/15/26,0.125,0.369000,97.694762,98.39035,"11,000,000,000.00000",0.47209,239.70132,241.40883,1.00712,Note,Yes,10-Year,Yes,,,11,,,
912810RR1,29-Year 4-Month,10/13/16,08/15/16,10/20/16,10/31/16,02/15/46,1.000,0.666000,108.874301,110.66746,"5,000,000,000.00000",2.12685,236.94448,240.84635,1.01647,Bond,Yes,30-Year,Yes,,,10,,,
912828S50,9-Year 10-Month,09/15/16,07/15/16,09/22/16,09/30/16,07/15/26,0.125,0.052000,100.712814,101.11567,"11,000,000,000.00000",0.26260,239.70132,240.66003,1.004,Note,Yes,10-Year,Yes,,,9,,,
912828Q60,4-Year 8-Month,08/11/16,04/15/16,08/18/16,08/31/16,04/15/21,0.125,-0.209000,101.552360,103.26860,"14,000,000,000.00000",0.47928,237.00700,241.01213,1.0169,Note,Yes,5-Year,Yes,,,8,,,
912828S50,10-Year,07/14/16,07/15/16,07/21/16,07/29/16,07/15/26,0.125,0.045000,100.795083,100.98055,"13,000,000,000.00000",0.04764,239.70132,240.14165,1.00184,Note,No,10-Year,Yes,,,7,,,
912810RR1,29-Year 8-Month,06/16/16,02/15/16,06/22/16,06/30/16,02/15/46,1.000,0.905000,102.463504,103.44920,"5,000,000,000.00000",3.77220,236.94448,239.22337,1.00962,Bond,Yes,30-Year,Yes,,,6,,,
912828N71,9-Year 8-Month,05/12/16,01/15/16,05/19/16,05/31/16,01/15/26,0.625,0.275000,103.321777,103.53359,"11,000,000,000.00000",2.35716,237.61129,238.09906,1.00205,Note,Yes,10-Year,Yes,,,5,,,
912828Q60,5-Year,04/14/16,04/15/16,04/21/16,04/29/16,04/15/21,0.125,-0.195000,101.596247,101.63485,"16,000,000,000.00000",0.04783,237.00700,237.098,1.00038,Note,No,5-Year,Yes,,,4,,,
912828N71,9-Year 10-Month,03/10/16,01/15/16,03/17/16,03/31/16,01/15/26,0.625,0.315000,102.986538,102.67964,"11,000,000,000.00000",1.30106,237.61129,236.90339,0.99702,Note,Yes,10-Year,Yes,,,3,,,
912810RR1,30-Year,02/11/16,02/15/16,02/18/16,02/29/16,02/15/46,1.000,1.120000,96.952657,96.79269,"7,000,000,000.00000",0.38399,236.94448,236.55297,0.99835,Bond,No,30-Year,Yes,,,2,,,
912828N71,10-Year,01/14/16,01/15/16,01/21/16,01/29/16,01/15/26,0.625,0.725000,99.040557,98.94647,"15,000,000,000.00000",0.24015,237.61129,237.38458,0.99905,Note,No,10-Year,Yes,,,1,,,
912828K33,4-Year 4-Month,12/10/15,10/15/15,12/17/15,12/31/15,04/15/20,0.125,0.472000,98.528104,100.06810,"16,000,000,000.00000",0.26709,234.18067,237.84145,1.01563,Note,Yes,5-Year,Yes,,,12,,,
912828XL9,9-Year 8-Month,11/12/15,07/15/15,11/19/15,11/30/15,07/15/25,0.375,0.664000,97.309562,97.64333,"13,000,000,000.00000",1.41107,237.14365,237.95737,1.00343,Note,Yes,10-Year,Yes,,,11,,,
912810RL4,29-Year 4-Month,10/15/15,08/15/15,10/22/15,10/30/15,02/15/45,0.750,1.200000,88.912692,89.99120,"7,000,000,000.00000",1.56770,235.48150,238.33781,1.01213,Bond,Yes,30-Year,Yes,,,10,,,
912828XL9,9-Year 10-Month,09/10/15,07/15/15,09/18/15,09/30/15,07/15/25,0.375,0.600000,97.863469,98.48686,"13,000,000,000.00000",0.78965,237.14365,238.65347,1.00637,Note,Yes,10-Year,Yes,,,9,,,
912828K33,4-Year 8-Month,08/13/15,04/15/15,08/20/15,08/31/15,04/15/20,0.125,0.305000,99.174303,101.05068,"16,000,000,000.00000",0.48023,234.18067,238.61113,1.01892,Note,Yes,5-Year,Yes,,,8,,,
912828XL9,10-Year,07/16/15,07/15/15,07/23/15,07/31/15,07/15/25,0.375,0.491000,98.874126,99.13318,"15,000,000,000.00000",0.16347,237.14365,237.7661,1.00262,Note,No,10-Year,Yes,,,7,,,
912810RL4,29-Year 8-Month,06/11/15,02/15/15,06/18/15,06/30/15,02/15/45,0.750,1.142000,90.169945,90.59194,"7,000,000,000.00000",2.81005,235.48150,236.58300,1.00468,Bond,Yes,30-Year,Yes,,,6,,,
912828H45,9-Year 8-Month,05/14/15,01/15/15,05/21/15,05/29/15,01/15/25,0.250,0.358000,98.978548,98.61530,"13,000,000,000.00000",0.92201,236.85403,235.98381,0.99633,Note,Yes,10-Year,Yes,,,5,,,
912828K33,5-Year,04/16/15,04/15/15,04/23/15,04/30/15,04/15/20,0.125,-0.335000,102.302139,102.52414,"18,000,000,000.00000",0.05134,234.18067,234.68817,1.00217,Note,No,5-Year,Yes,,,4,,,
912828H45,9-Year 10-Month,03/12/15,01/15/15,03/19/15,03/31/15,01/15/25,0.250,0.200000,100.484609,99.16424,"13,000,000,000.00000",0.51115,236.85403,233.74265,0.98686,Note,Yes,10-Year,Yes,,,3,,,
912810RL4,30-Year,02/12/15,02/15/15,02/19/15,02/27/15,02/15/45,0.750,0.842000,97.567766,97.32970,"9,000,000,000.00000",0.24801,235.48150,234.90764,0.99756,Bond,No,30-Year,Yes,,,2,,,
912828H45,10-Year,01/15/15,01/15/15,01/22/15,01/30/15,01/15/25,0.250,0.315000,99.363218,99.10289,"15,000,000,000.00000",0.10332,236.85403,236.23371,0.99738,Note,No,10-Year,Yes,,,1,,,
912828C99,4-Year 4-Month,12/11/14,10/15/14,12/18/14,12/31/14,04/15/19,0.125,0.395000,98.852928,100.17459,"16,000,000,000.00000",0.26796,234.31967,237.45229,1.01337,Note,Yes,5-Year,Yes,,,12,,,
912828WU0,9-Year 8-Month,11/13/14,07/15/14,11/20/14,11/28/14,07/15/24,0.125,0.497000,96.506026,96.73668,"13,000,000,000.00000",0.46306,237.44594,238.0131,1.00239,Note,Yes,10-Year,Yes,,,11,,,
912810RF7,29-Year 4-Month,10/16/14,08/15/14,10/23/14,10/31/14,02/15/44,1.375,0.985000,109.901418,112.16759,"7,000,000,000.00000",2.93636,233.05900,237.86484,1.02062,Bond,Yes,30-Year,Yes,,,10,,,
912828WU0,9-Year 10-Month,09/11/14,07/15/14,09/18/14,09/30/14,07/15/24,0.125,0.610000,95.397176,95.72153,"13,000,000,000.00000",0.26244,237.44594,238.2531,1.0034,Note,Yes,10-Year,Yes,,,9,,,
912828C99,4-Year 8-Month,08/14/14,04/15/14,08/21/14,08/29/14,04/15/19,0.125,-0.281000,101.892738,103.62390,"16,000,000,000.00000",0.47237,234.31967,238.30013,1.01699,Note,Yes,5-Year,Yes,,,8,,,
912828WU0,10-Year,07/17/14,07/15/14,07/24/14,07/31/14,07/15/24,0.125,0.249000,98.781309,98.95912,"15,000,000,000.00000",0.05445,237.44594,237.87329,1.0018,Note,No,10-Year,Yes,,,7,,,
912810RF7,29-Year 8-Month,06/12/14,02/15/14,06/19/14,06/30/14,02/15/44,1.375,1.116000,106.517821,108.34034,"7,000,000,000.00000",5.21550,233.05900,237.04603,1.01711,Bond,Yes,30-Year,Yes,,,6,,,
912828B25,9-Year 8-Month,05/15/14,01/15/14,05/22/14,05/30/14,01/15/24,0.625,0.339000,102.706565,103.96780,"13,000,000,000.00000",2.35942,233.33058,236.19545,1.01228,Note,Yes,10-Year,Yes,,,5,,,
912828C99,5-Year,04/10/14,04/15/14,04/17/14,04/30/14,04/15/19,0.125,-0.213000,101.685932,101.87405,"18,000,000,000.00000",0.05132,234.31967,234.75217,1.00185,Note,No,5-Year,Yes,,,4,,,
912828B25,9-Year 10-Month,03/13/14,01/15/14,03/20/14,03/31/14,01/15/24,0.625,0.659000,99.677818,99.91605,"13,000,000,000.00000",1.29798,233.33058,233.88803,1.00239,Note,Yes,10-Year,Yes,,,3,,,
912810RF7,30-Year,02/13/14,02/15/14,02/20/14,02/28/14,02/15/44,1.375,1.495000,97.109967,97.10608,"9,000,000,000.00000",0.49376,233.05900,233.04971,0.99996,Bond,No,30-Year,Yes,,,2,,,
912828B25,10-Year,01/16/14,01/15/14,01/23/14,01/31/14,01/15/24,0.625,0.661000,99.653598,99.54797,"15,000,000,000.00000",0.27595,233.33058,233.08439,0.99894,Note,No,10-Year,Yes,,,1,,,
912828UX6,4-Year 4-Month,12/12/13,10/15/13,12/19/13,12/31/13,04/15/18,0.125,-0.375000,102.163581,103.22710,"16,000,000,000.00000",0.26717,231.16013,233.56545,1.01041,Note,Yes,5-Year,Yes,,,12,,,
912828VM9,9-Year 8-Month,11/14/13,07/15/13,11/21/13,11/29/13,07/15/23,0.375,0.560000,98.268271,98.86476,"13,000,000,000.00000",1.40453,232.71797,234.13087,1.00607,Note,Yes,10-Year,Yes,,,11,,,
912810RA8,29-Year 4-Month,10/17/13,08/15/13,10/24/13,10/31/13,02/15/43,0.625,1.330000,82.942762,84.37021,"7,000,000,000.00000",1.33025,229.91100,233.86794,1.01721,Bond,Yes,30-Year,Yes,,,10,,,
912828VM9,9-Year 10-Month,09/12/13,07/15/13,09/19/13,09/30/13,07/15/23,0.375,0.500000,98.806950,99.17846,"13,000,000,000.00000",0.78760,232.71797,233.59293,1.00376,Note,Yes,10-Year,Yes,,,9,,,
912828UX6,4-Year 8-Month,08/15/13,04/15/13,08/22/13,08/30/13,04/15/18,0.125,-0.127000,101.169475,102.17915,"16,000,000,000.00000",0.47257,231.16013,233.46794,1.00998,Note,Yes,5-Year,Yes,,,8,,,
912828VM9,10-Year,07/11/13,07/15/13,07/18/13,07/31/13,07/15/23,0.375,0.384000,99.912137,100.00406,"15,000,000,000.00000",0.16319,232.71797,232.93165,1.00092,Note,No,10-Year,Yes,,,7,,,
912810RA8,29-Year 8-Month,06/13/13,02/15/13,06/20/13,06/28/13,02/15/43,0.625,1.420000,80.824742,81.75423,"7,000,000,000.00000",2.32268,229.91100,232.55520,1.01150,Bond,Yes,30-Year,Yes,,,6,,,
912828UH1,9-Year 8-Month,05/16/13,01/15/13,05/23/13,05/31/13,01/15/23,0.125,-0.225000,103.407177,104.27270,"13,000,000,000.00000",0.47354,230.82203,232.75342,1.00837,Note,Yes,10-Year,Yes,,,5,,,
912828UX6,5-Year,04/11/13,04/15/13,04/18/13,04/30/13,04/15/18,0.125,-1.311000,107.382589,107.82071,"18,000,000,000.00000",0.05144,231.16013,232.10313,1.00408,Note,No,5-Year,Yes,,,4,,,
912828UH1,9-Year 10-Month,03/14/13,01/15/13,03/21/13,03/28/13,01/15/23,0.125,-0.602000,107.351113,107.05804,"13,000,000,000.00000",0.24794,230.82203,230.19239,0.99727,Note,Yes,10-Year,Yes,,,3,,,
912810RA8,30-Year,02/14/13,02/15/13,02/21/13,02/28/13,02/15/43,0.625,0.639000,99.618703,99.49418,"9,000,000,000.00000",0.22417,229.91100,229.62314,0.99875,Bond,No,30-Year,Yes,,,2,,,
912828UH1,10-Year,01/17/13,01/15/13,01/24/13,01/31/13,01/15/23,0.125,-0.630000,107.769961,107.50593,"15,000,000,000.00000",0.05511,230.82203,230.25635,0.99755,Note,No,10-Year,Yes,,,1,,,
912828SQ4,4-Year 4-Month,12/13/12,10/15/12,12/20/12,12/31/12,04/15/17,0.125,-1.496000,107.206617,109.18351,"14,000,000,000.00000",0.26930,227.13073,231.3199,1.01844,Note,Yes,5-Year,Yes,,,12,,,
912828TE0,9-Year 8-Month,11/15/12,07/15/12,11/21/12,11/30/12,07/15/22,0.125,-0.720000,108.437180,109.10190,"13,000,000,000.00000",0.47162,229.96306,231.37273,1.00613,Note,Yes,10-Year,Yes,,,11,,,
912810QV3,29-Year 4-Month,10/11/12,08/15/12,10/18/12,10/31/12,02/15/42,0.750,0.479000,107.397670,109.47796,"7,000,000,000.00000",1.59969,225.96062,230.33787,1.01937,Bond,Yes,30-Year,Yes,,,10,,,
912828TE0,9-Year 10-Month,09/13/12,07/15/12,09/20/12,09/28/12,07/15/22,0.125,-0.750000,108.911597,108.52278,"13,000,000,000.00000",0.25385,229.96306,229.1414,0.99643,Note,Yes,10-Year,Yes,,,9,,,
912828SQ4,4-Year 8-Month,08/16/12,04/15/12,08/23/12,08/31/12,04/15/17,0.125,-1.286000,106.742763,107.85075,"14,000,000,000.00000",0.47620,227.13073,229.48887,1.01038,Note,Yes,5-Year,Yes,,,8,,,
912828TE0,10-Year,07/12/12,07/15/12,07/19/12,07/31/12,07/15/22,0.125,-0.637000,107.845494,107.77971,"15,000,000,000.00000",0.05432,229.96306,229.82371,0.99939,Note,No,10-Year,Yes,,,7,,,
912810QV3,29-Year 8-Month,06/14/12,02/15/12,06/21/12,06/29/12,02/15/42,0.750,0.520000,106.307933,108.22679,"7,000,000,000.00000",2.83180,225.96062,230.03880,1.01805,Bond,Yes,30-Year,Yes,,,6,,,
912828SA9,9-Year 8-Month,05/10/12,01/15/12,05/17/12,05/31/12,01/15/22,0.125,-0.391000,105.065422,106.45859,"13,000,000,000.00000",0.47671,226.33474,229.33623,1.01326,Note,Yes,10-Year,Yes,,,5,,,
912828SQ4,5-Year,04/12/12,04/15/12,04/19/12,04/30/12,04/15/17,0.125,-1.080000,106.155509,106.38905,"16,000,000,000.00000",0.05134,227.13073,227.62973,1.0022,Note,No,5-Year,Yes,,,4,,,
912828SA9,9-Year 10-Month,03/15/12,01/15/12,03/22/12,03/30/12,01/15/22,0.125,-0.089000,102.105540,102.22603,"13,000,000,000.00000",0.25785,226.33474,226.60094,1.00118,Note,Yes,10-Year,Yes,,,3,,,
912810QV3,30-Year,02/09/12,02/15/12,02/16/12,02/29/12,02/15/42,0.750,0.770000,99.465680,99.34732,"9,000,000,000.00000",0.28812,225.96062,225.69124,0.99881,Bond,No,30-Year,Yes,,,2,,,
912828SA9,10-Year,01/12/12,01/15/12,01/19/12,01/31/12,01/15/22,0.125,-0.046000,101.706585,101.66183,"15,000,000,000.00000",0.05493,226.33474,226.23616,0.99956,Note,No,10-Year,Yes,,,1,,,
912828QD5,4-Year 4-Month,12/08/11,10/15/11,12/15/11,12/30/11,04/15/16,0.125,-0.877000,104.392521,107.09838,"12,000,000,000.00000",0.26629,220.72980,226.45119,1.02592,Note,Yes,5-Year,Yes,,,12,,,
912828QV5,9-Year 8-Month,11/10/11,07/15/11,11/17/11,11/30/11,07/15/21,0.625,0.099000,105.037448,105.73385,"11,000,000,000.00000",2.35929,225.38381,226.87753,1.00663,Note,Yes,10-Year,Yes,,,11,,,
912810QP6,29-Year 4-Month,10/13/11,08/15/11,10/20/11,10/31/11,02/15/41,2.125,0.999000,128.531803,132.95330,"7,000,000,000.00000",4.59928,218.99100,226.52490,1.03440,Bond,Yes,30-Year,Yes,,,10,,,
912828QV5,9-Year 10-Month,09/15/11,07/15/11,09/22/11,09/30/11,07/15/21,0.625,0.078000,105.334096,105.58268,"11,000,000,000.00000",1.31083,225.38381,225.91533,1.00236,Note,Yes,10-Year,Yes,,,9,,,
912828QD5,4-Year 8-Month,08/11/11,04/15/11,08/18/11,08/31/11,04/15/16,0.125,-0.825000,104.485924,106.85253,"12,000,000,000.00000",0.48199,220.72980,225.72981,1.02265,Note,Yes,5-Year,Yes,,,8,,,
912828QV5,10-Year,07/14/11,07/15/11,07/21/11,07/29/11,07/15/21,0.625,0.639000,99.865017,100.07673,"13,000,000,000.00000",0.23827,225.38381,225.86161,1.00212,Note,No,10-Year,Yes,,,7,,,
912810QP6,29-Year 8-Month,06/16/11,02/15/11,06/23/11,06/30/11,02/15/41,2.125,1.744000,108.784378,111.69871,"7,000,000,000.00000",8.13702,218.99100,224.85803,1.02679,Bond,Yes,30-Year,Yes,,,6,,,
912828PP9,9-Year 8-Month,05/12/11,01/15/11,05/19/11,05/31/11,01/15/21,1.125,0.887000,102.190468,104.35997,"11,000,000,000.00000",4.31625,218.75255,223.39739,1.02123,Note,Yes,10-Year,Yes,,,5,,,
912828QD5,5-Year,04/14/11,04/15/11,04/21/11,04/29/11,04/15/16,0.125,-0.180000,101.520798,101.75430,"14,000,000,000.00000",0.04792,220.72980,221.2366,1.0023,Note,No,5-Year,Yes,,,4,,,
912828PP9,9-Year 10-Month,03/17/11,01/15/11,03/24/11,03/31/11,01/15/21,1.125,0.920000,101.914969,102.58455,"11,000,000,000.00000",2.34611,218.75255,220.18932,1.00657,Note,Yes,10-Year,Yes,,,3,,,
912810QP6,30-Year,02/10/11,02/15/11,02/17/11,02/28/11,02/15/41,2.125,2.190000,98.576545,98.65541,"9,000,000,000.00000",0.76373,218.99100,219.16557,1.0008,Bond,No,30-Year,Yes,,,2,,,
912828PP9,10-Year,01/13/11,01/15/11,01/20/11,01/31/11,01/15/21,1.125,1.170000,99.577991,99.59990,"13,000,000,000.00000",0.49735,218.75255,218.80003,1.00022,Note,No,10-Year,Yes,,,1,,,
912828NM8,9-Year 8-Month,11/01/10,07/15/10,11/04/10,11/15/10,07/15/20,1.250,0.409000,107.962151,108.10358,"10,000,000,000.00000",4.18346,218.08532,218.37127,1.00131,Note,Yes,10-Year,Yes,,,11,,,
912828MY3,4-Year 6-Month,10/21/10,10/15/10,10/25/10,10/29/10,04/15/15,0.500,-0.550000,104.749175,105.50861,"10,000,000,000.00000",0.19370,216.71220,218.28287,1.00725,Note,Yes,5-Year,Yes,,,10,,,
912828NM8,9-Year 10-Month,08/30/10,07/15/10,09/02/10,09/15/10,07/15/20,1.250,1.019000,102.155158,102.10919,"10,000,000,000.00000",2.10503,218.08532,217.98647,0.99955,Note,Yes,10-Year,Yes,,,9,,,
912810QF8,29-Year 6-Month,08/19/10,08/15/10,08/23/10,08/31/10,02/15/40,2.125,1.768000,108.168877,109.08615,"7,000,000,000.00000",0.93174,216.13950,217.97187,1.00848,Bond,Yes,30-Year,Yes,,,8,,,
912828NM8,10-Year,07/01/10,07/15/10,07/08/10,07/15/10,07/15/20,1.250,1.295000,99.579194,99.57919,"12,000,000,000.00000",null,218.08532,218.08532,1,Note,No,10-Year,Yes,,,7,,,
912828MY3,5-Year,04/22/10,04/15/10,04/26/10,04/30/10,04/15/15,0.500,0.550000,99.755677,99.76765,"11,000,000,000.00000",0.20494,216.71220,216.7392,1.00012,Note,No,5-Year,Yes,,,4,,,
912828MF4,9-Year 9-Month,04/01/10,01/15/10,04/05/10,04/15/10,01/15/20,1.375,1.709000,97.010063,97.21961,"8,000,000,000.00000",3.42589,216.24610,216.7122,1.00216,Note,Yes,10-Year,Yes,,,4,,,
912810QF8,30-Year,02/18/10,02/15/10,02/22/10,02/26/10,02/15/40,2.125,2.229000,97.734649,97.66721,"8,000,000,000.00000",0.64527,216.13950,215.98982,0.99931,Bond,No,30-Year,Yes,,,2,,,
912828MF4,10-Year,01/07/10,01/15/10,01/11/10,01/15/10,01/15/20,1.375,1.430000,99.489212,99.48921,"10,000,000,000.00000",null,216.24610,216.2461,1,Note,No,10-Year,Yes,,,1,,,
912828KM1,4-Year 6-Month,10/22/09,10/15/09,10/26/09,10/30/09,04/15/14,1.250,0.769000,102.104205,104.11566,"7,000,000,000.00000",0.52526,211.63300,215.80284,1.0197,Note,Yes,5-Year,Yes,,,10,,,
912828LA6,9-Year 9-Month,10/01/09,07/15/09,10/05/09,10/15/09,07/15/19,1.875,1.510000,103.296022,104.28870,"7,000,000,000.00000",4.73255,213.51819,215.56913,1.00961,Note,Yes,10-Year,Yes,,,10,,,
912810PZ5,19-Year 6-Month,07/23/09,07/15/09,07/27/09,07/31/09,01/15/29,2.500,2.387000,101.749348,101.34032,"6,000,000,000.00000",1.08259,214.69971,213.83613,0.99598,Bond,Yes,20-Year,Yes,,,7,,,
912828LA6,10-Year,07/02/09,07/15/09,07/06/09,07/15/09,07/15/19,1.875,1.920000,99.592335,99.59234,"8,000,000,000.00000",null,213.51819,213.51819,1,Note,No,10-Year,Yes,,,7,,,
912828KM1,5-Year,04/20/09,04/15/09,04/23/09,04/30/09,04/15/14,1.250,1.278000,99.865568,100.11324,"8,000,000,000.00000",0.51357,211.63300,212.158,1.00248,Note,No,5-Year,Yes,,,4,,,
912828JX9,9-Year 9-Month,04/02/09,01/15/09,04/07/09,04/15/09,01/15/19,2.125,1.589000,104.822359,103.32550,"6,000,000,000.00000",5.20771,214.69971,211.633,0.98572,Note,Yes,10-Year,Yes,,,4,,,
912810PZ5,20-Year,01/22/09,01/15/09,01/26/09,01/30/09,01/15/29,2.500,2.500000,99.998826,99.06384,"8,000,000,000.00000",1.02622,214.69971,212.69261,0.99065,Bond,No,20-Year,Yes,,,1,,,
912828JX9,10-Year,12/31/08,01/15/09,01/06/09,01/15/09,01/15/19,2.125,2.245000,98.930505,98.93051,"8,000,000,000.00000",null,214.69971,214.69971,1,Note,No,10-Year,Yes,,,1,,,
912828HW3,4-Year 6-Month,10/23/08,10/15/08,10/27/08,10/31/08,04/15/13,0.625,3.270000,89.113534,92.38044,"6,000,000,000.00000",0.28480,211.36607,219.11432,1.03666,Note,Yes,5-Year,Yes,,,10,,,
912828JE1,9-Year 9-Month,10/06/08,07/15/08,10/08/08,10/15/08,07/15/18,1.375,2.850000,87.517484,89.11118,"6,000,000,000.00000",3.50010,215.63997,219.56748,1.01821,Note,Yes,10-Year,Yes,,,10,,,
912810PV4,19-Year 6-Month,07/17/08,07/15/08,07/22/08,07/31/08,01/15/28,1.750,2.219000,92.621219,95.74996,"6,000,000,000.00000",0.78657,209.49645,216.57365,1.03378,Bond,Yes,20-Year,Yes,,,7,,,
912828JE1,10-Year,07/07/08,07/15/08,07/10/08,07/15/08,07/15/18,1.375,1.485000,98.981282,98.98128,"8,000,000,000.00000",null,215.63997,215.63997,1,Note,No,10-Year,Yes,,,7,,,
912828HW3,5-Year,04/17/08,04/15/08,04/22/08,04/30/08,04/15/13,0.625,0.745000,99.416746,99.56090,"8,000,000,000.00000",0.25652,211.36607,211.67257,1.00145,Note,No,5-Year,Yes,,,4,,,
912828HN3,9-Year 9-Month,04/07/08,01/15/08,04/10/08,04/15/08,01/15/18,1.625,1.250000,103.431018,104.35362,"6,000,000,000.00000",4.09874,209.49645,211.36607,1.00892,Note,Yes,10-Year,Yes,,,4,,,
912810PV4,20-Year,01/17/08,01/15/08,01/24/08,01/31/08,01/15/28,1.750,1.807000,99.047946,99.35103,"8,000,000,000.00000",0.77158,209.49645,210.13697,1.00306,Bond,No,20-Year,Yes,,,1,,,
912828HN3,10-Year,01/07/08,01/15/08,01/10/08,01/15/08,01/15/18,1.625,1.655000,0.000000,99.72456,"8,000,000,000.00000",0.00000,209.49645,209.49645,1,Note,No,10-Year,Yes,,,1,,,
912828GN4,4-Year 6-Month,10/18/07,10/15/07,10/23/07,10/31/07,04/15/12,2.000,1.954000,100.194641,102.66745,"6,000,000,000.00000",0.89590,202.92140,207.92932,1.02468,Note,Yes,5-Year,Yes,,,10,,,
912828GX2,9-Year 9-Month,10/09/07,07/15/07,10/11/07,10/15/07,07/15/17,2.625,2.360000,102.292316,102.72194,"6,000,000,000.00000",6.59006,207.25639,208.12648,1.0042,Note,Yes,10-Year,Yes,,,10,,,
912810PS1,19-Year 6-Month,07/19/07,07/15/07,07/24/07,07/31/07,01/15/27,2.375,2.600000,96.580051,99.57017,"6,000,000,000.00000",1.06458,201.66452,207.90826,1.03096,Bond,Yes,20-Year,Yes,,,7,,,
912828GX2,10-Year,07/09/07,07/15/07,07/12/07,07/16/07,07/15/17,2.625,2.749000,98.922415,98.94220,"8,000,000,000.00000",0.07134,207.25639,207.29713,1.0002,Note,No,10-Year,Yes,,,7,,,
912828GN4,5-Year,04/19/07,04/15/07,04/24/07,04/30/07,04/15/12,2.000,2.114000,99.465161,99.73073,"8,000,000,000.00000",0.82186,202.92140,203.4629,1.00267,Note,No,5-Year,Yes,,,4,,,
912828GD6,9-Year 9-Month,04/05/07,01/15/07,04/12/07,04/16/07,01/15/17,2.375,2.284000,100.787956,101.43401,"6,000,000,000.00000",6.00857,201.66452,202.9575,1.00641,Note,Yes,10-Year,Yes,,,4,,,
912810PS1,20-Year,01/18/07,01/15/07,01/23/07,01/31/07,01/15/27,2.375,2.420000,99.289938,99.21349,"8,000,000,000.00000",1.04891,201.66452,201.50968,0.99923,Bond,No,20-Year,Yes,,,1,,,
912828GD6,10-Year,01/08/07,01/15/07,01/11/07,01/16/07,01/15/17,2.375,2.449000,99.347247,99.34228,"9,000,000,000.00000",0.06561,201.66452,201.65484,0.99995,Note,No,10-Year,Yes,,,1,,,
912828FB1,4-Year 6-Month,10/19/06,10/15/06,10/23/06,10/31/06,04/15/11,2.375,2.691000,98.680030,101.36511,"7,000,000,000.00000",1.07237,198.48667,203.8871,1.02721,Note,Yes,5-Year,Yes,,,10,,,
912828FL9,9-Year 9-Month,10/10/06,07/15/06,10/12/06,10/16/06,07/15/16,2.500,2.426000,100.635208,101.50369,"8,000,000,000.00000",6.37245,201.95161,203.69355,1.00863,Note,Yes,10-Year,Yes,,,10,,,
912810FS2,19-Year 6-Month,07/20/06,07/15/06,07/25/06,07/31/06,01/15/26,2.000,2.494000,92.420498,94.27815,"7,000,000,000.00000",0.88705,198.47742,202.46774,1.02010,Bond,Yes,20-Year,Yes,,,7,,,
912828FL9,10-Year,07/10/06,07/15/06,07/13/06,07/17/06,07/15/16,2.500,2.550000,99.561150,99.59301,"9,000,000,000.00000",0.13591,201.95161,202.01613,1.00032,Note,No,10-Year,Yes,,,7,,,
912828FB1,5-Year,04/20/06,04/15/06,04/25/06,04/28/06,04/15/11,2.375,2.379000,99.980451,100.06743,"11,000,000,000.00000",0.84431,198.48667,198.66,1.00087,Note,No,5-Year,Yes,,,4,,,
912828ET3,9-Year 9-Month,04/10/06,01/15/06,04/12/06,04/17/06,01/15/16,2.000,2.409000,96.462908,96.48027,"8,000,000,000.00000",5.08378,198.47742,198.51333,1.00018,Note,Yes,10-Year,Yes,,,4,,,
912810FS2,20-Year,01/19/06,01/15/06,01/24/06,01/31/06,01/15/26,2.000,2.039000,99.362412,98.94906,"10,000,000,000.00000",0.88030,198.47742,197.65161,0.99584,Bond,No,20-Year,Yes,,,1,,,
912828ET3,10-Year,01/09/06,01/15/06,01/12/06,01/17/06,01/15/16,2.000,2.025000,99.774716,99.72283,"9,000,000,000.00000",0.11044,198.47742,198.37419,0.99948,Note,No,10-Year,Yes,,,1,,,
912828CZ1,4-Year 6-Month,10/20/05,10/15/05,10/25/05,10/28/05,04/15/10,0.875,1.740000,96.299657,99.76933,"7,000,000,000.00000",0.32376,189.44516,196.27097,1.03603,Note,Yes,5-Year 6-Month,Yes,,,10,,,
912828EA4,9-Year 9-Month,10/11/05,07/15/05,10/13/05,10/17/05,07/15/15,1.875,1.979000,99.080043,99.79639,"8,000,000,000.00000",4.82403,194.50968,195.91613,1.00723,Note,Yes,10-Year,Yes,,,10,,,
912810FR4,19-Year 6-Month,07/21/05,07/15/05,07/26/05,07/29/05,01/15/25,2.375,2.090000,104.537160,107.82172,"6,000,000,000.00000",0.93192,188.49677,194.41935,1.03142,Bond,Yes,20-Year 6-Month,Yes,,,7,,,
912828EA4,10-Year,07/11/05,07/15/05,07/14/05,07/15/05,07/15/15,1.875,1.939000,0.000000,99.42077,"9,000,000,000.00000",0.00000,194.50968,194.50968,1,Note,No,10-Year,Yes,,,7,,,
912828CZ1,5-Year,04/21/05,04/15/05,04/26/05,04/29/05,04/15/10,0.875,1.200000,98.438823,99.62403,"9,000,000,000.00000",0.33873,189.44516,191.72667,1.01204,Note,Yes,5-Year 6-Month,Yes,,,4,,,
912828DH0,9-Year 9-Month,04/11/05,01/15/05,04/14/05,04/15/05,01/15/15,1.625,1.750000,98.882054,99.02049,"9,000,000,000.00000",4.04572,190.94516,191.21333,1.0014,Note,Yes,10-Year,Yes,,,4,,,
912810FR4,20-Year,01/20/05,01/15/05,01/25/05,01/31/05,01/15/25,2.375,2.000000,106.144524,107.55200,"8,000,000,000.00000",1.06364,188.49677,190.99677,1.01326,Bond,Yes,20-Year 6-Month,Yes,,,1,,,
912828DH0,10-Year,01/10/05,01/15/05,01/13/05,01/18/05,01/15/15,1.625,1.725000,99.085686,99.09064,"10,000,000,000.00000",0.13468,190.94516,190.95484,1.00005,Note,No,10-Year,Yes,,,1,,,
912828CZ1,5-Year 6-Month,10/21/04,10/15/04,10/26/04,10/29/04,04/15/10,0.875,0.950000,99.601597,99.62550,"12,000,000,000.00000",0.33662,189.44516,189.49032,1.00024,Note,No,5-Year 6-Month,Yes,,,10,,,
912828CP3,9-Year 9-Month,10/04/04,07/15/04,10/07/04,10/15/04,07/15/14,2.000,1.885000,101.017586,101.52570,"9,000,000,000.00000",5.02515,188.49677,189.44516,1.00503,Note,Yes,10-Year,Yes,,,10,,,
912810FR4,20-Year 6-Month,07/22/04,07/15/04,07/27/04,07/30/04,01/15/25,2.375,2.470000,98.480000,98.75800,"11,000,000,000.00000",0.97080,188.49677,189.02903,1.00282,Bond,No,20-Year 6-Month,Yes,,,7,,,
912828CP3,10-Year,07/01/04,07/15/04,07/08/04,07/15/04,07/15/14,2.000,2.020000,0.000000,99.82000,"10,000,000,000.00000",0.00000,188.49677,188.49677,1,Note,No,10-Year,Yes,,,7,,,
912828BW9,9-Year 9-Month,04/01/04,01/15/04,04/07/04,04/15/04,01/15/14,2.000,1.809000,101.698000,102.18900,"9,000,000,000.00000",5.02415,184.77419,185.66667,1.00483,Note,Yes,10-Year,Yes,,,4,,,
912828BW9,10-Year,01/05/04,01/15/04,01/08/04,01/15/04,01/15/14,2.000,2.019000,0.000000,99.82900,"12,000,000,000.00000",0.00000,184.77419,184.77419,1,Note,No,10-Year,Yes,,,1,,,
912828BD1,9-Year 9-Month,10/06/03,07/15/03,10/09/03,10/15/03,07/15/13,1.875,2.229000,96.910000,97.20100,"9,000,000,000.00000",4.70156,183.66452,184.21613,1.003,Note,Yes,10-Year,Yes,,,10,,,
912828BD1,10-Year,07/07/03,07/15/03,07/09/03,07/15/03,07/15/13,1.875,1.999000,0.000000,98.88100,"11,000,000,000.00000",0.00000,183.66452,183.66452,1,Note,No,10-Year,Yes,,,7,,,
912828AF7,9-Year 6-Month,01/06/03,01/15/03,01/08/03,01/15/03,07/15/12,3.000,2.340000,105.593000,106.47400,"6,000,000,000.00000",0.00000,179.80000,181.3,1.00834,Note,Yes,10-Year,Yes,,,1,,,
912828AF7,9-Year 9-Month,10/07/02,07/15/02,10/09/02,10/15/02,07/15/12,3.000,2.260000,106.439000,106.77700,"7,000,000,000.00000",7.52385,179.80000,180.37097,1.00318,Note,Yes,10-Year,Yes,,,10,,,
912828AF7,10-Year,07/08/02,07/15/02,07/10/02,07/15/02,07/15/12,3.000,3.099000,0.000000,99.15400,"9,000,000,000.00000",0.00000,179.80000,179.8,1,Note,No,10-Year,Yes,,,7,,,
9128277J5,10-Year,01/02/02,01/15/02,01/09/02,01/15/02,01/15/12,3.375,3.480000,0.000000,99.12000,"6,000,000,000.00000",0.00000,177.56452,177.56452,1,Note,No,10-Year,Yes,,,1,,,
912810FQ6,30-Year 6-Month,10/03/01,10/15/01,10/10/01,10/15/01,04/15/32,3.375,3.465000,0.000000,98.31400,"5,000,000,000.00000",0.00000,177.50000,177.5,1,Bond,No,30-Year 6-Month,Yes,,,10,,,
9128276R8,9-Year 6-Month,07/05/01,07/15/01,07/11/01,07/16/01,01/15/11,3.500,3.500000,100.000000,101.86300,"5,000,000,000.00000",0.09688,174.04516,177.2871,1.01863,Note,Yes,10-Year,Yes,,,7,,,
9128276R8,10-Year,01/03/01,01/15/01,01/10/01,01/16/01,01/15/11,3.500,3.522000,99.816000,99.81800,"6,000,000,000.00000",0.09669,174.04516,174.04839,1.00002,Note,No,10-Year,Yes,,,1,,,
912810FH6,28-Year 6-Month,10/04/00,10/15/00,10/11/00,10/16/00,04/15/29,3.875,3.953000,98.673000,103.62800,"5,000,000,000.00000",0.11181,164.39333,172.64839,1.05022,Bond,Yes,30-Year,Yes,,,10,,,
9128275W8,9-Year 6-Month,07/05/00,07/15/00,07/12/00,07/17/00,01/15/10,4.250,4.030000,101.721000,103.53900,"5,000,000,000.00000",0.23511,168.24516,171.25161,1.01787,Note,Yes,10-Year,Yes,,,7,,,
9128275W8,10-Year,01/05/00,01/15/00,01/12/00,01/18/00,01/15/10,4.250,4.338000,99.292000,99.29800,"6,000,000,000.00000",0.35029,168.24516,168.25484,1.00006,Note,No,10-Year,Yes,,,1,,,
912810FH6,29-Year 6-Month,09/29/99,10/15/99,10/06/99,10/15/99,04/15/29,3.875,4.138000,95.543000,96.98900,"7,000,000,000.00000",0.00000,164.39333,166.88065,1.01513,Bond,Yes,30-Year,Yes,,,10,,,
9128274Y5,9-Year 6-Month,06/30/99,07/15/99,07/07/99,07/15/99,01/15/09,3.875,4.040000,98.709000,100.03300,"7,000,000,000.00000",0.00000,164.00000,166.2,1.01341,Note,Yes,10-Year,Yes,,,7,,,
912810FH6,30-Year,03/31/99,04/15/99,04/07/99,04/15/99,04/15/29,3.875,3.899000,0.000000,99.57800,"7,000,000,000.00000",0.00000,164.39333,164.39333,1,Bond,No,30-Year,Yes,,,4,,,
9128274Y5,10-Year,12/30/98,01/15/99,01/06/99,01/15/99,01/15/09,3.875,3.898000,0.000000,99.81100,"8,000,000,000.00000",0.00000,164.00000,164,1,Note,No,10-Year,Yes,,,1,,,
9128273T7,9-Year 3-Month,09/29/98,07/15/98,10/07/98,10/15/98,01/15/08,3.625,3.650000,99.797000,100.86900,"8,000,000,000.00000",9.15983,161.55484,163.29032,1.01074,Note,Yes,10-Year,Yes,,,10,,,
912810FD5,29-Year 9-Month,07/01/98,04/15/98,07/08/98,07/15/98,04/15/28,3.625,3.680000,99.002000,99.55000,"8,000,000,000.00000",9.06291,161.74000,162.63548,1.00554,Bond,Yes,30-Year,Yes,,,7,,,
912810FD5,30-Year,04/01/98,04/15/98,04/08/98,04/15/98,04/15/28,3.625,3.740000,0.000000,97.93700,"8,000,000,000.00000",0.00000,161.74000,161.74000,1.00000,Bond,No,30-Year,Yes,,,4,,,
9128273T7,10-Year,12/31/97,01/15/98,01/08/98,01/15/98,01/15/08,3.625,3.730000,0.000000,99.13000,"8,000,000,000.00000",0.00000,161.55484,161.55484,1.00000,Note,No,10-Year,Yes,,,1,,,
9128273A8,4-Year 9-Month,10/01/97,07/15/97,10/08/97,10/15/97,07/15/02,3.625,3.600000,100.100000,100.40000,"8,000,000,000.00000",9.08969,160.15484,null,1.003,Note,Yes,5-Year,Yes,,,10,,,
9128273A8,5-Year,07/02/97,07/15/97,07/09/97,07/15/97,07/15/02,3.625,3.744000,0.000000,99.46200,"8,000,000,000.00000",0.00000,160.15484,160.15484,1,Note,No,5-Year,Yes,,,7,,,
9128272M3,9-Year 9-Month,04/02/97,01/15/97,04/08/97,04/15/97,01/15/07,3.375,3.650000,97.753000,98.30700,"8,000,000,000.00000",8.43846,158.43548,159.33333,1.00567,Note,Yes,10-Year,Yes,,,4,,,
9128272M3,10-Year,01/21/97,01/15/97,01/29/97,02/06/97,01/15/07,3.375,3.449000,99.379000,99.48200,"7,000,000,000.00000",2.05323,158.43548,null,1.00104,Note,No,10-Year,Yes,,,1,,,
,,,,,,,,,,,,,,,,,,,,,,12,,,
,,,,,,,,,,,,,,,,,,,,,,12,,,
,,,,,,,,,,,,,,,,,,,,,,12,,,
,,,,,,,,,,,,,,,,,,,,,,12,,,